[
	{
		"id": "cmd0",
		"commands": [
		{
			"text": "commands.change_7",
			"action": {
			"next": "m1"
			}
		},
		{
			"text": "commands.change_28",
			"action": {
			"next": "m2"
			}
		},
		{
			"text": "commands.change_90",
			"action": {
			"next": "m3"
			}
		}
		]
	},
	{
		"id": "cmd1",
		"commands": [
		{
			"text": "commands.analyze_top",
			"action": {
			"next": "m40"
			}
		}
		]
	},
	{
		"id": "cmd2",
		"commands": [
		{
			"text": "commands.return_start",
			"action": {
			"next": "start"
			}
		}
		]
	}
]