[
  {
    "id": "cmd0",
    "commands": [
      {
        "text": "commands.analyze_7",
        "action": {
          "next": "m10"
        }
      },
      {
        "text": "commands.analyze_28",
        "action": {
          "next": "m11"
        }
      },
      {
        "text": "commands.analyze_90",
        "action": {
          "next": "m12"
        }
      }
    ]
  },
  {
    "id": "cmd1",
    "commands": [
      {
        "text": "commands.next",
        "action": {
          "next": "m30"
        }
      }
    ]
  },
  {
    "id": "cmd40",
    "commands": [
      {
        "text": "commands.next",
        "action": {
          "next": "m40"
        }
      }
    ]
  },
  {
    "id": "cmd50",
    "commands": [
      {
        "text": "commands.next",
        "action": {
          "next": "m50"
        }
      }
    ]
  },
  {
    "id": "cmd90",
    "commands": [
      {
        "text": "commands.next",
        "action": {
          "next": "m90"
        }
      }
    ]
  },
  {
    "id": "cmd100",
    "commands": [
      {
        "text": "commands.next",
        "action": {
          "next": "m100"
        }
      }
    ]
  },
  {
    "id": "cmd2",
    "commands": [
      {
        "text": "commands.back_period",
        "action": {
          "next": ""
        }
      },
      {
        "text": "commands.compare",
        "action": {
          "next": "m70"
        }
      }
    ]
  },
  {
    "id": "cmd3",
    "commands": [
      {
        "text": "commands.return_start",
        "action": {
          "next": "start"
        }
      }
    ]
  }
]
